date,badge,title,notice_id,url
2024.04.16,점검,4월 17일(수) 정기 점검 안내,12752,https://m-lostark.game.onstove.com/News/Notice/Views/12752
2024.04.17,공지,4월 17일(수) 업데이트 내역 안내,12757,https://m-lostark.game.onstove.com/News/Notice/Views/12757
2024.04.18,공지,4월 18일(목) 클라이언트 패치 안내,12758,https://m-lostark.game.onstove.com/News/Notice/Views/12758
2024.04.23,점검,4월 24일(수) 정기 점검 안내,12759,https://m-lostark.game.onstove.com/News/Notice/Views/12759
2024.04.24,공지,4월 24일(수) 업데이트 내역 안내,12762,https://m-lostark.game.onstove.com/News/Notice/Views/12762
2024.04.30,점검,5월 1일(수) 정기 점검 안내,12764,https://m-lostark.game.onstove.com/News/Notice/Views/12764
2024.05.01,공지,5월 1일(수) 로스트아크 정기 점검 완료 안내,12769,https://m-lostark.game.onstove.com/News/Notice/Views/12769
2024.05.01,공지,로스트아크 개인정보처리방침 변경 안내 (시행 2024.05.08),12768,https://m-lostark.game.onstove.com/News/Notice/Views/12768
2024.05.07,점검,5월 8일(수) 정기 점검 안내,12770,https://m-lostark.game.onstove.com/News/Notice/Views/12770
2024.05.08,점검,5월 9일(목) 로스트아크 임시 점검 안내,12774,https://m-lostark.game.onstove.com/News/Notice/Views/12774
2024.05.08,공지,5월 8일(수) 업데이트 내역 안내,12773,https://m-lostark.game.onstove.com/News/Notice/Views/12773
2024.05.09,공지,5월 9일(목) 클라이언트 패치 안내,12776,https://m-lostark.game.onstove.com/News/Notice/Views/12776
2024.05.09,공지,5월 9일(목) 로스트아크 임시 점검 완료 및 수정 사항 안내,12775,https://m-lostark.game.onstove.com/News/Notice/Views/12775
2024.05.13,공지,5월 13일(월) 클라이언트 패치 안내,12780,https://m-lostark.game.onstove.com/News/Notice/Views/12780
2024.05.14,점검,5월 15일(수) 정기 점검 안내,12777,https://m-lostark.game.onstove.com/News/Notice/Views/12777
2024.05.15,공지,5월 15일(수) 로스트아크 정기 점검 완료 안내(내용 추가),12782,https://m-lostark.game.onstove.com/News/Notice/Views/12782
2024.05.21,점검,5월 22일(수) 정기 점검 안내,12783,https://m-lostark.game.onstove.com/News/Notice/Views/12783
2024.05.22,공지,5월 22일(수) 클라이언트 패치 안내,12788,https://m-lostark.game.onstove.com/News/Notice/Views/12788
2024.05.22,공지,5월 22일(수) 업데이트 내역 안내,12787,https://m-lostark.game.onstove.com/News/Notice/Views/12787
2024.05.28,점검,5월 29일(수) 정기 점검 안내,12789,https://m-lostark.game.onstove.com/News/Notice/Views/12789
2024.05.29,공지,5월 29일(수) 클라이언트 패치 안내,12794,https://m-lostark.game.onstove.com/News/Notice/Views/12794
2024.05.29,공지,5월 29일(수) 업데이트 내역 안내,12793,https://m-lostark.game.onstove.com/News/Notice/Views/12793
2024.05.29,공지,2024 로스트아크 아트 공모전 최종 수상작 발표(내용 수정),12792,https://m-lostark.game.onstove.com/News/Notice/Views/12792
2024.06.04,점검,6월 5일(수) 정기 점검 안내,12797,https://m-lostark.game.onstove.com/News/Notice/Views/12797
2024.06.05,공지,6월 5일(수) 업데이트 내역 안내,12799,https://m-lostark.game.onstove.com/News/Notice/Views/12799
2024.06.11,점검,6월 12일(수) 정기 점검 안내,12800,https://m-lostark.game.onstove.com/News/Notice/Views/12800
2024.06.12,공지,6월 12일(수) 업데이트 내역 안내,12802,https://m-lostark.game.onstove.com/News/Notice/Views/12802
2024.06.18,점검,6월 19일(수) 정기 점검 안내,12804,https://m-lostark.game.onstove.com/News/Notice/Views/12804
2024.06.19,공지,6월 19일(수) 업데이트 내역 안내 (내용 추가),12807,https://m-lostark.game.onstove.com/News/Notice/Views/12807
2024.06.25,점검,6월 26일(수) 정기 점검 안내,12809,https://m-lostark.game.onstove.com/News/Notice/Views/12809
2024.06.26,공지,6월 26일(수) 정기 점검 완료 안내,12811,https://m-lostark.game.onstove.com/News/Notice/Views/12811
2024.07.02,점검,7월 3일(수) 정기 점검 안내,12812,https://m-lostark.game.onstove.com/News/Notice/Views/12812
2024.07.03,공지,7월 3일(수) 정기 점검 완료 안내,12814,https://m-lostark.game.onstove.com/News/Notice/Views/12814
2024.07.08,점검,7월 10일(수) 정기 점검 안내,12815,https://m-lostark.game.onstove.com/News/Notice/Views/12815
2024.07.10,공지,7월 10일(수) 클라이언트 패치 안내,12820,https://m-lostark.game.onstove.com/News/Notice/Views/12820
2024.07.10,공지,7월 10일(수) 업데이트 내역 안내(내용 추가),12819,https://m-lostark.game.onstove.com/News/Notice/Views/12819
2024.07.11,공지,7월 11일(목) 클라이언트 패치 안내,12823,https://m-lostark.game.onstove.com/News/Notice/Views/12823
2024.07.11,공지,7월 11일(목) 로스트아크 임시 점검 완료 및 수정 사항 안내(내용 추가),12822,https://m-lostark.game.onstove.com/News/Notice/Views/12822
2024.07.11,공지,7월 11일(목) 로스트아크 임시 점검 안내,12821,https://m-lostark.game.onstove.com/News/Notice/Views/12821
2024.07.12,공지,7월 13일(토) 로스트아크 임시 점검 안내,12827,https://m-lostark.game.onstove.com/News/Notice/Views/12827
2024.07.12,공지,7월 12일(금) 로스트아크 임시 점검 완료 및 수정 사항 안내,12826,https://m-lostark.game.onstove.com/News/Notice/Views/12826
2024.07.12,공지,7월 12일(금) 로스트아크 임시 점검 안내,12825,https://m-lostark.game.onstove.com/News/Notice/Views/12825
2024.07.13,공지,7월 13일(토) 로스트아크 임시 점검 완료 및 수정 사항 안내,12828,https://m-lostark.game.onstove.com/News/Notice/Views/12828
2024.07.16,점검,7월 17일(수) 정기 점검 안내,12830,https://m-lostark.game.onstove.com/News/Notice/Views/12830
2024.07.17,점검,7월 18일(목) 로스트아크 임시 점검 안내,12834,https://m-lostark.game.onstove.com/News/Notice/Views/12834
2024.07.17,공지,7월 17일(수) 클라이언트 패치 안내,12833,https://m-lostark.game.onstove.com/News/Notice/Views/12833
2024.07.17,공지,7월 17일(수) 업데이트 내역 안내 (내용 수정),12832,https://m-lostark.game.onstove.com/News/Notice/Views/12832
2024.07.18,공지,7월 18일(목) 클라이언트 패치 안내,12836,https://m-lostark.game.onstove.com/News/Notice/Views/12836
2024.07.18,공지,7월 18일(목) 로스트아크 임시 점검 완료 및 수정 사항 안내,12835,https://m-lostark.game.onstove.com/News/Notice/Views/12835
2024.07.23,점검,7월 24일(수) 정기 점검 안내,12838,https://m-lostark.game.onstove.com/News/Notice/Views/12838
2024.07.24,점검,7월 25일(목) 로스트아크 임시 점검 안내,12842,https://m-lostark.game.onstove.com/News/Notice/Views/12842
2024.07.24,공지,7월 24일(수) 업데이트 내역 안내,12841,https://m-lostark.game.onstove.com/News/Notice/Views/12841
2024.07.25,공지,7월 25일(목) 로스트아크 임시 점검 완료 및 수정 사항 안내,12843,https://m-lostark.game.onstove.com/News/Notice/Views/12843
2024.07.30,점검,7월 31일(수) 정기 점검 안내,12845,https://m-lostark.game.onstove.com/News/Notice/Views/12845
2024.07.31,공지,7월 31일(수) 업데이트 내역 안내,12848,https://m-lostark.game.onstove.com/News/Notice/Views/12848
2024.07.31,공지,로스트아크 개인정보처리방침 변경 안내 (시행 2024.08.07),12847,https://m-lostark.game.onstove.com/News/Notice/Views/12847
2024.08.06,점검,8월 7일(수) 정기 점검 안내,12849,https://m-lostark.game.onstove.com/News/Notice/Views/12849
2024.08.07,공지,8월 7일(수) 업데이트 내역 안내 (내용 추가),12852,https://m-lostark.game.onstove.com/News/Notice/Views/12852
2024.08.13,점검,8월 14일(수) 정기 점검 안내,12853,https://m-lostark.game.onstove.com/News/Notice/Views/12853
2024.08.14,공지,8월 14일(수) 업데이트 내역 안내 (내용 수정),12856,https://m-lostark.game.onstove.com/News/Notice/Views/12856
2024.08.20,점검,8월 21일(수) 정기 점검 안내,12857,https://m-lostark.game.onstove.com/News/Notice/Views/12857
2024.08.21,공지,8월 21일(수) 업데이트 내역 안내(내용 수정),12859,https://m-lostark.game.onstove.com/News/Notice/Views/12859
2024.08.23,공지,로스트아크 개인정보처리방침 변경 안내 (시행 2024.08.30),12861,https://m-lostark.game.onstove.com/News/Notice/Views/12861
2024.08.27,점검,8월 28일(수) 정기 점검 안내,12862,https://m-lostark.game.onstove.com/News/Notice/Views/12862
2024.08.28,점검,8월 29일(목) 로스트아크 임시 점검 안내,12867,https://m-lostark.game.onstove.com/News/Notice/Views/12867
2024.08.28,공지,8월 28일(수) 클라이언트 패치 안내,12866,https://m-lostark.game.onstove.com/News/Notice/Views/12866
2024.08.28,공지,8월 28일(수) 업데이트 내역 안내 (내용추가),12865,https://m-lostark.game.onstove.com/News/Notice/Views/12865
2024.08.29,점검,8월 30일(금) 로스트아크 임시 점검 안내,12870,https://m-lostark.game.onstove.com/News/Notice/Views/12870
2024.08.29,공지,8월 29일(목) 로스트아크 임시 점검 완료 및 수정 사항 안내,12868,https://m-lostark.game.onstove.com/News/Notice/Views/12868
2024.08.30,공지,8월 30일(금) 로스트아크 임시 점검 완료 및 수정 사항 안내,12871,https://m-lostark.game.onstove.com/News/Notice/Views/12871
2024.09.03,점검,9월 4일(수) 정기 점검 안내,12872,https://m-lostark.game.onstove.com/News/Notice/Views/12872
2024.09.04,공지,[종료] 로열 크리스탈 및 크리스탈 사용 점검 안내,12876,https://m-lostark.game.onstove.com/News/Notice/Views/12876
2024.09.04,공지,9월 4일(수) 업데이트 내역 안내,12874,https://m-lostark.game.onstove.com/News/Notice/Views/12874
2024.09.10,점검,9월 11일(수) 정기 점검 안내,12877,https://m-lostark.game.onstove.com/News/Notice/Views/12877
2024.09.11,점검,9월 12일(목) 로스트아크 임시 점검 안내,12884,https://m-lostark.game.onstove.com/News/Notice/Views/12884
2024.09.11,공지,9월 11일(수) 추가 클라이언트 패치 안내,12883,https://m-lostark.game.onstove.com/News/Notice/Views/12883
2024.09.11,공지,9월 11일(수) 클라이언트 패치 안내,12882,https://m-lostark.game.onstove.com/News/Notice/Views/12882
2024.09.11,공지,9월 11일(수) 업데이트 내역 안내,12881,https://m-lostark.game.onstove.com/News/Notice/Views/12881
2024.09.12,공지,9월 12일(목) 로스트아크 임시 점검 완료 및 수정 사항 안내,12885,https://m-lostark.game.onstove.com/News/Notice/Views/12885
2024.09.17,점검,9월 18일(수) 정기 점검 안내,12886,https://m-lostark.game.onstove.com/News/Notice/Views/12886
2024.09.18,공지,리샤의 편지에서 카제로스 레이드 2막과 신규 업데이트 소식을 전해드립니다!,12888,https://m-lostark.game.onstove.com/News/Notice/Views/12888
2024.09.18,공지,9월 18일(수) 로스트아크 정기 점검 완료 안내,12887,https://m-lostark.game.onstove.com/News/Notice/Views/12887
2024.09.24,점검,9월 25일(수) 정기 점검 안내,12889,https://m-lostark.game.onstove.com/News/Notice/Views/12889
2024.09.25,공지,9월 26일(목) 로스트아크 임시 점검 안내,12895,https://m-lostark.game.onstove.com/News/Notice/Views/12895
2024.09.25,공지,9월 25일(수) 클라이언트 패치 안내,12894,https://m-lostark.game.onstove.com/News/Notice/Views/12894
2024.09.25,공지,9월 25일(수) 업데이트 내역 안내,12892,https://m-lostark.game.onstove.com/News/Notice/Views/12892
2024.09.25,상점,9월 25일(수) 신규 상품 및 확률 안내 (내용 수정),12891,https://m-lostark.game.onstove.com/News/Notice/Views/12891
2024.09.26,공지,9월 26일(목) 로스트아크 임시 점검 완료 및 수정 사항 안내,12896,https://m-lostark.game.onstove.com/News/Notice/Views/12896
2024.10.01,점검,10월 2일(수) 정기 점검 안내,12899,https://m-lostark.game.onstove.com/News/Notice/Views/12899
2024.10.02,공지,10월 2일(수) 업데이트 내역 안내,12901,https://m-lostark.game.onstove.com/News/Notice/Views/12901
2024.10.08,점검,10월 9일(수) 정기 점검 안내,12902,https://m-lostark.game.onstove.com/News/Notice/Views/12902
2024.10.09,공지,10월 9일(수) 업데이트 내역 안내,12905,https://m-lostark.game.onstove.com/News/Notice/Views/12905
2024.10.15,점검,10월 16일(수) 정기 점검 안내,12907,https://m-lostark.game.onstove.com/News/Notice/Views/12907
2024.10.16,공지,10월 16일(수) 업데이트 내역 안내,12910,https://m-lostark.game.onstove.com/News/Notice/Views/12910
2024.10.16,공지,로스트아크 개인정보처리방침 변경 안내 (시행 2024.10.23) (10/17 내용 수정),12909,https://m-lostark.game.onstove.com/News/Notice/Views/12909
2024.10.22,점검,10월 23일(수) 정기 점검 안내,12911,https://m-lostark.game.onstove.com/News/Notice/Views/12911
2024.10.23,점검,10월 24일(목) 로스트아크 임시 점검 안내,12915,https://m-lostark.game.onstove.com/News/Notice/Views/12915
2024.10.23,공지,10월 23일(수) 업데이트 내역 안내 (내용 수정),12914,https://m-lostark.game.onstove.com/News/Notice/Views/12914
2024.10.24,공지,10월 24일(목) 로스트아크 임시 점검 완료 및 수정 사항 안내,12916,https://m-lostark.game.onstove.com/News/Notice/Views/12916
2024.10.28,점검,10월 30일(수) 정기 점검 안내,12917,https://m-lostark.game.onstove.com/News/Notice/Views/12917
2024.10.30,공지,10월 30일(수) 업데이트 내역 안내,12919,https://m-lostark.game.onstove.com/News/Notice/Views/12919
2024.11.05,점검,11월 6일(수) 정기 점검 안내,12923,https://m-lostark.game.onstove.com/News/Notice/Views/12923
2024.11.06,공지,11월 6일(수) 업데이트 내역 안내,12928,https://m-lostark.game.onstove.com/News/Notice/Views/12928
2024.11.07,공지,11월 7일(목) 클라이언트 패치 안내,12929,https://m-lostark.game.onstove.com/News/Notice/Views/12929
2024.11.08,공지,11월 8일(금) 클라이언트 패치 안내,12931,https://m-lostark.game.onstove.com/News/Notice/Views/12931
2024.11.12,점검,11월 13일(수) 정기 점검 안내,12932,https://m-lostark.game.onstove.com/News/Notice/Views/12932
2024.11.13,공지,11월 13일(수) 업데이트 내역 안내,12935,https://m-lostark.game.onstove.com/News/Notice/Views/12935
2024.11.19,점검,11월 20일(수) 정기 점검 안내,12938,https://m-lostark.game.onstove.com/News/Notice/Views/12938
2024.11.20,점검,11월 21일(목) 로스트아크 임시 점검 안내,12944,https://m-lostark.game.onstove.com/News/Notice/Views/12944
2024.11.20,공지,11월 20일(수) 클라이언트 패치 안내,12943,https://m-lostark.game.onstove.com/News/Notice/Views/12943
2024.11.20,공지,11/20(수) ~ 12/10(화) 서버 이전 신청 기간 안내 (11/27 21:32 수정),12942,https://m-lostark.game.onstove.com/News/Notice/Views/12942
2024.11.20,공지,11월 20일(수) 업데이트 내역 안내,12941,https://m-lostark.game.onstove.com/News/Notice/Views/12941
2024.11.21,공지,11월 21일(목) 로스트아크 임시 점검 완료 안내,12945,https://m-lostark.game.onstove.com/News/Notice/Views/12945
2024.11.22,공지,11월 22일(금) 클라이언트 패치 안내,12946,https://m-lostark.game.onstove.com/News/Notice/Views/12946
2024.11.26,점검,11월 27일(수) 정기 점검 안내,12947,https://m-lostark.game.onstove.com/News/Notice/Views/12947
2024.11.27,공지,12월 18일(수) 업데이트 시 일부 시스템 변경 사항 사전 안내 (내용 추가),12952,https://m-lostark.game.onstove.com/News/Notice/Views/12952
2024.11.27,공지,11월 27일(수) 업데이트 내역 안내,12951,https://m-lostark.game.onstove.com/News/Notice/Views/12951
2024.11.28,공지,11월 28일(목) 클라이언트 패치 안내,12955,https://m-lostark.game.onstove.com/News/Notice/Views/12955
2024.12.03,점검,12월 4일(수) 정기 점검 안내,12957,https://m-lostark.game.onstove.com/News/Notice/Views/12957
2024.12.04,점검,12월 5일(목) 로스트아크 임시 점검 안내,12964,https://m-lostark.game.onstove.com/News/Notice/Views/12964
2024.12.04,공지,12월 4일(수) 클라이언트 패치 안내,12963,https://m-lostark.game.onstove.com/News/Notice/Views/12963
2024.12.04,공지,12월 4일(수) 업데이트 내역 안내 (내용 수정),12962,https://m-lostark.game.onstove.com/News/Notice/Views/12962
2024.12.05,공지,12월 5일(목) 로스트아크 임시 점검 완료 안내,12965,https://m-lostark.game.onstove.com/News/Notice/Views/12965
2024.12.10,점검,12월 11일(수) 정기 점검 안내,12966,https://m-lostark.game.onstove.com/News/Notice/Views/12966
2024.12.11,공지,12월 11일(수) 업데이트 내역 안내 (내용 추가),12969,https://m-lostark.game.onstove.com/News/Notice/Views/12969
2024.12.17,점검,12월 18일(수) 정기 점검 안내,12970,https://m-lostark.game.onstove.com/News/Notice/Views/12970
2024.12.18,공지,12월 18일(수) 업데이트 내역 안내,12974,https://m-lostark.game.onstove.com/News/Notice/Views/12974
2024.12.19,공지,12월 19일(목) 로스트아크 임시 점검 완료 안내 (내용 추가),12976,https://m-lostark.game.onstove.com/News/Notice/Views/12976
2024.12.19,공지,12월 19일(목) 로스트아크 임시 점검 안내,12975,https://m-lostark.game.onstove.com/News/Notice/Views/12975
2024.12.20,공지,12월 21일(토) 로스트아크 임시 점검 안내,12982,https://m-lostark.game.onstove.com/News/Notice/Views/12982
2024.12.20,공지,12월 20일(금) 로스트아크 임시 점검 완료 안내,12979,https://m-lostark.game.onstove.com/News/Notice/Views/12979
2024.12.20,공지,12월 20일(금) 로스트아크 임시 점검 안내,12978,https://m-lostark.game.onstove.com/News/Notice/Views/12978
2024.12.21,공지,12월 21일(토) 로스트아크 임시 점검 완료 안내,12983,https://m-lostark.game.onstove.com/News/Notice/Views/12983
2024.12.24,점검,12월 25일(수) 정기 점검 안내,12985,https://m-lostark.game.onstove.com/News/Notice/Views/12985
2024.12.25,공지,12월 25일(수) 업데이트 내역 안내 (내용 수정),12988,https://m-lostark.game.onstove.com/News/Notice/Views/12988
2024.12.25,공지,로스트아크 개인정보처리방침 변경 안내 (시행 2024.12.31),12987,https://m-lostark.game.onstove.com/News/Notice/Views/12987
2024.12.30,점검,12월 31일(화) 로스트아크 임시 점검 안내,12994,https://m-lostark.game.onstove.com/News/Notice/Views/12994
2024.12.31,점검,1월 1일(수) 정기 점검 안내,12991,https://m-lostark.game.onstove.com/News/Notice/Views/12991
2024.12.31,공지,12월 31일(화) 로스트아크 임시 점검 완료 안내,12995,https://m-lostark.game.onstove.com/News/Notice/Views/12995
2025.01.01,공지,1월 1일(수) 로스트아크 정기 점검 완료 안내,12998,https://m-lostark.game.onstove.com/News/Notice/Views/12998
2025.01.02,공지,로스트아크 개인정보처리방침 변경 안내 (시행 2025.1.9),12999,https://m-lostark.game.onstove.com/News/Notice/Views/12999
2025.01.07,점검,1월 8일(수) 정기 점검 안내,13000,https://m-lostark.game.onstove.com/News/Notice/Views/13000
2025.01.08,공지,1월 9일(목) 로스트아크 임시 점검 안내,13005,https://m-lostark.game.onstove.com/News/Notice/Views/13005
2025.01.08,공지,1월 8일(수) 업데이트 내역 안내 (내용 추가),13004,https://m-lostark.game.onstove.com/News/Notice/Views/13004
2025.01.09,점검,1월 10일(금) 로스트아크 임시 점검 안내,13007,https://m-lostark.game.onstove.com/News/Notice/Views/13007
2025.01.09,공지,1월 9일(목) 로스트아크 임시 점검 완료 안내,13006,https://m-lostark.game.onstove.com/News/Notice/Views/13006
2025.01.10,공지,1월 10일(금) 클라이언트 패치 안내,13009,https://m-lostark.game.onstove.com/News/Notice/Views/13009
2025.01.10,공지,1월 10일(금) 로스트아크 임시 점검 완료 안내,13008,https://m-lostark.game.onstove.com/News/Notice/Views/13008
2025.01.14,점검,1월 15일(수) 정기 점검 안내,13011,https://m-lostark.game.onstove.com/News/Notice/Views/13011
2025.01.15,공지,1월 15일(수) 업데이트 내역 안내(내용 추가),13015,https://m-lostark.game.onstove.com/News/Notice/Views/13015
2025.01.15,공지,리샤의 편지에서 카제로스 레이드 3막과 신규 업데이트 항목을 소개합니다.,13014,https://m-lostark.game.onstove.com/News/Notice/Views/13014
2025.01.21,점검,1월 22일(수) 정기 점검 안내,13016,https://m-lostark.game.onstove.com/News/Notice/Views/13016
2025.01.22,점검,1월 23일(목) 로스트아크 임시 점검 안내,13023,https://m-lostark.game.onstove.com/News/Notice/Views/13023
2025.01.22,공지,1월 22일(수) 클라이언트 패치 안내,13022,https://m-lostark.game.onstove.com/News/Notice/Views/13022
2025.01.22,공지,1월 22일(수) 업데이트 내역 안내 (내용 추가),13021,https://m-lostark.game.onstove.com/News/Notice/Views/13021
2025.01.22,공지,&lt;6주년 기념 PC방 파티 타임&gt; 이벤트 당첨자를 발표합니다! (12:43 내용 수정),13018,https://m-lostark.game.onstove.com/News/Notice/Views/13018
2025.01.23,공지,1월 23일(목) 로스트아크 임시 점검 완료 안내,13024,https://m-lostark.game.onstove.com/News/Notice/Views/13024
2025.01.24,공지,1월 25일(토) 로스트아크 임시 점검 안내,13030,https://m-lostark.game.onstove.com/News/Notice/Views/13030
2025.01.24,공지,1월 24일(금) 클라이언트 패치 안내,13029,https://m-lostark.game.onstove.com/News/Notice/Views/13029
2025.01.24,공지,1월 24일(금) 로스트아크 임시 점검 완료 안내 (내용 추가),13026,https://m-lostark.game.onstove.com/News/Notice/Views/13026
2025.01.24,공지,1월 24일(금) 로스트아크 임시 점검 안내,13025,https://m-lostark.game.onstove.com/News/Notice/Views/13025
2025.01.25,공지,1월 25일(토) 로스트아크 임시 점검 완료 안내,13031,https://m-lostark.game.onstove.com/News/Notice/Views/13031
2025.01.26,공지,1월 26일(일) 로스트아크 임시 점검 완료 안내,13033,https://m-lostark.game.onstove.com/News/Notice/Views/13033
2025.01.26,공지,1월 26일(일) 로스트아크 임시 점검 안내,13032,https://m-lostark.game.onstove.com/News/Notice/Views/13032
2025.01.28,점검,1월 29일(수) 정기 점검 안내,13027,https://m-lostark.game.onstove.com/News/Notice/Views/13027
2025.01.29,공지,1월 29일(수) 로스트아크 정기 점검 완료 안내,13034,https://m-lostark.game.onstove.com/News/Notice/Views/13034
2025.02.04,점검,2월 5일(수) 정기 점검 안내,13035,https://m-lostark.game.onstove.com/News/Notice/Views/13035
2025.02.05,공지,2월 5일(수) 로스트아크 임시 점검 완료 안내,13039,https://m-lostark.game.onstove.com/News/Notice/Views/13039
2025.02.05,점검,2월 5일(수) 로스트아크 임시 점검 안내,13038,https://m-lostark.game.onstove.com/News/Notice/Views/13038
2025.02.05,공지,2월 5일(수) 업데이트 내역 안내 (내용 추가),13037,https://m-lostark.game.onstove.com/News/Notice/Views/13037
2025.02.11,점검,2월 12일(수) 정기 점검 안내,13042,https://m-lostark.game.onstove.com/News/Notice/Views/13042
2025.02.12,공지,2월 13일(목) 로스트아크 임시 점검 안내,13045,https://m-lostark.game.onstove.com/News/Notice/Views/13045
2025.02.12,공지,2월 12일(수) 업데이트 내역 안내(내용 추가),13044,https://m-lostark.game.onstove.com/News/Notice/Views/13044
2025.02.13,공지,2월 13일(목) 로스트아크 임시 점검 완료 안내,13047,https://m-lostark.game.onstove.com/News/Notice/Views/13047
2025.02.18,점검,2월 19일(수) 정기 점검 안내,13048,https://m-lostark.game.onstove.com/News/Notice/Views/13048
2025.02.19,공지,2월 19일(수) 로스트아크 정기 점검 완료 안내,13051,https://m-lostark.game.onstove.com/News/Notice/Views/13051
2025.02.25,점검,2월 26일(수) 정기 점검 안내,13052,https://m-lostark.game.onstove.com/News/Notice/Views/13052
2025.02.26,점검,2월 27일(목) 로스트아크 임시 점검 안내,13057,https://m-lostark.game.onstove.com/News/Notice/Views/13057
2025.02.26,공지,2월 26일(수) 클라이언트 패치 안내,13056,https://m-lostark.game.onstove.com/News/Notice/Views/13056
2025.02.26,공지,2월 26일(수) 업데이트 내역 안내 (내용 추가),13055,https://m-lostark.game.onstove.com/News/Notice/Views/13055
2025.02.27,공지,2월 27일(목) 로스트아크 임시 점검 완료 안내,13058,https://m-lostark.game.onstove.com/News/Notice/Views/13058
2025.03.04,점검,3월 5일(수) 정기 점검 안내,13060,https://m-lostark.game.onstove.com/News/Notice/Views/13060
2025.03.05,공지,3월 5일(수) 업데이트 내역 안내 (내용 수정),13063,https://m-lostark.game.onstove.com/News/Notice/Views/13063
2025.03.11,점검,3월 12일(수) 정기 점검 안내,13065,https://m-lostark.game.onstove.com/News/Notice/Views/13065
2025.03.12,공지,3월 13일(목) 로스트아크 임시 점검 안내,13068,https://m-lostark.game.onstove.com/News/Notice/Views/13068
2025.03.12,공지,3월 12일(수) 업데이트 내역 안내,13067,https://m-lostark.game.onstove.com/News/Notice/Views/13067
2025.03.13,공지,3월 13일(목) 로스트아크 임시 점검 완료 안내,13069,https://m-lostark.game.onstove.com/News/Notice/Views/13069
2025.03.18,점검,3월 19일(수) 정기 점검 안내,13071,https://m-lostark.game.onstove.com/News/Notice/Views/13071
2025.03.19,공지,3월 19일(수) 업데이트 내역 안내,13073,https://m-lostark.game.onstove.com/News/Notice/Views/13073
2025.03.25,점검,3월 26일(수) 정기 점검 안내,13075,https://m-lostark.game.onstove.com/News/Notice/Views/13075
2025.03.26,공지,3월 26일(수) 업데이트 내역 안내,13078,https://m-lostark.game.onstove.com/News/Notice/Views/13078
2025.04.01,점검,4월 2일(수) 정기 점검 안내,13079,https://m-lostark.game.onstove.com/News/Notice/Views/13079
2025.04.02,점검,4월 3일(목) 로스트아크 임시 점검 안내,13083,https://m-lostark.game.onstove.com/News/Notice/Views/13083
2025.04.02,공지,4월 2일(수) 업데이트 내역 안내,13082,https://m-lostark.game.onstove.com/News/Notice/Views/13082
2025.04.03,공지,4월 3일(목) 로스트아크 임시 점검 완료 안내,13084,https://m-lostark.game.onstove.com/News/Notice/Views/13084
2025.04.08,점검,4월 9일(수) 정기 점검 안내,13085,https://m-lostark.game.onstove.com/News/Notice/Views/13085
2025.04.09,공지,4월 9일(수) 클라이언트 패치 안내,13092,https://m-lostark.game.onstove.com/News/Notice/Views/13092
2025.04.09,공지,4월 9일(수) 업데이트 내역 안내,13091,https://m-lostark.game.onstove.com/News/Notice/Views/13091
2025.04.10,공지,4월 10일(목) 클라이언트 패치 안내,13093,https://m-lostark.game.onstove.com/News/Notice/Views/13093
2025.04.15,점검,4월 16일(수) 정기 점검 안내,13094,https://m-lostark.game.onstove.com/News/Notice/Views/13094
2025.04.16,공지,4월 16일(수) 업데이트 내역 안내 (내용 추가),13098,https://m-lostark.game.onstove.com/News/Notice/Views/13098
2025.04.21,점검,4월 23일(수) 정기 점검 안내,13099,https://m-lostark.game.onstove.com/News/Notice/Views/13099
2025.04.23,공지,4월 23일(수) 업데이트 내역 안내,13102,https://m-lostark.game.onstove.com/News/Notice/Views/13102
2025.04.29,점검,4월 30일(수) 정기 점검 안내,13103,https://m-lostark.game.onstove.com/News/Notice/Views/13103
2025.04.30,공지,4월 30일(수) 로스트아크 정기 점검 완료 안내 (내용 추가),13110,https://m-lostark.game.onstove.com/News/Notice/Views/13110
2025.05.06,점검,5월 7일(수) 정기 점검 안내,13111,https://m-lostark.game.onstove.com/News/Notice/Views/13111
2025.05.07,점검,5월 8일(목) 로스트아크 임시 점검 안내,13118,https://m-lostark.game.onstove.com/News/Notice/Views/13118
2025.05.07,공지,5월 7일(수) 클라이언트 패치 안내,13117,https://m-lostark.game.onstove.com/News/Notice/Views/13117
2025.05.07,공지,5월 7일(수) 업데이트 내역 안내,13116,https://m-lostark.game.onstove.com/News/Notice/Views/13116
2025.05.08,공지,5월 8일(목) 로스트아크 임시 점검 완료 안내,13119,https://m-lostark.game.onstove.com/News/Notice/Views/13119
2025.05.13,점검,5월 14일(수) 정기 점검 안내,13120,https://m-lostark.game.onstove.com/News/Notice/Views/13120
2025.05.14,공지,5월 14일(수) 업데이트 내역 안내,13123,https://m-lostark.game.onstove.com/News/Notice/Views/13123
2025.05.20,점검,5월 21일(수) 정기 점검 안내,13125,https://m-lostark.game.onstove.com/News/Notice/Views/13125
2025.05.21,공지,5월 21일(수) 업데이트 내역 안내,13127,https://m-lostark.game.onstove.com/News/Notice/Views/13127
2025.05.27,점검,5월 28일(수) 정기 점검 안내,13128,https://m-lostark.game.onstove.com/News/Notice/Views/13128
2025.05.28,공지,5월 28일(수) 업데이트 내역 안내,13131,https://m-lostark.game.onstove.com/News/Notice/Views/13131
2025.05.28,공지,보석 조율 시스템 추가 예정사항 사전 안내 (5/28 내용 수정),13112,https://m-lostark.game.onstove.com/News/Notice/Views/13112
2025.06.03,점검,6월 4일(수) 정기 점검 안내,13133,https://m-lostark.game.onstove.com/News/Notice/Views/13133
2025.06.04,공지,6월 4일(수) 업데이트 내역 안내,13136,https://m-lostark.game.onstove.com/News/Notice/Views/13136
2025.06.10,점검,6월 11일(수) 정기 점검 안내,13138,https://m-lostark.game.onstove.com/News/Notice/Views/13138
2025.06.11,공지,6월 11일(수) 업데이트 내역 안내,13140,https://m-lostark.game.onstove.com/News/Notice/Views/13140
2025.06.17,점검,6월 18일(수) 정기 점검 안내,13141,https://m-lostark.game.onstove.com/News/Notice/Views/13141
2025.06.18,공지,6월 18일(수) 로스트아크 정기 점검 완료 안내,13143,https://m-lostark.game.onstove.com/News/Notice/Views/13143
2025.06.24,점검,6월 25일(수) 정기 점검 안내,13145,https://m-lostark.game.onstove.com/News/Notice/Views/13145
2025.06.25,점검,6월 26일(목) 로스트아크 임시 점검 안내,13151,https://m-lostark.game.onstove.com/News/Notice/Views/13151
2025.06.25,공지,6월 25일(수) 클라이언트 패치 안내,13150,https://m-lostark.game.onstove.com/News/Notice/Views/13150
2025.06.25,공지,6월 25일(수) 업데이트 내역 안내(내용 추가),13148,https://m-lostark.game.onstove.com/News/Notice/Views/13148
2025.06.26,공지,6월 27일(금) 로스트아크 임시 점검 안내,13155,https://m-lostark.game.onstove.com/News/Notice/Views/13155
2025.06.26,공지,6월 26일(목) 공식 홈페이지 패치 안내(내용 추가),13153,https://m-lostark.game.onstove.com/News/Notice/Views/13153
2025.06.26,공지,6월 26일(목) 로스트아크 임시 점검 완료 안내(내용 추가),13152,https://m-lostark.game.onstove.com/News/Notice/Views/13152
2025.06.27,공지,6월 27일(금) 로스트아크 임시 점검 완료 안내,13156,https://m-lostark.game.onstove.com/News/Notice/Views/13156
2025.07.01,점검,7월 2일(수) 정기 점검 안내,13157,https://m-lostark.game.onstove.com/News/Notice/Views/13157
2025.07.02,공지,7월 2일(수) 업데이트 내역 안내 (내용 수정),13160,https://m-lostark.game.onstove.com/News/Notice/Views/13160
2025.07.08,점검,7월 9일(수) 정기 점검 안내,13161,https://m-lostark.game.onstove.com/News/Notice/Views/13161
2025.07.09,공지,7월 9일(수) 업데이트 내역 안내 (내용 수정),13164,https://m-lostark.game.onstove.com/News/Notice/Views/13164
2025.07.10,공지,7월 10일(목) 클라이언트 패치 안내,13165,https://m-lostark.game.onstove.com/News/Notice/Views/13165
2025.07.15,점검,7월 16일(수) 정기 점검 안내,13166,https://m-lostark.game.onstove.com/News/Notice/Views/13166
2025.07.16,공지,7월 16일(수) 업데이트 내역 안내,13168,https://m-lostark.game.onstove.com/News/Notice/Views/13168
2025.07.22,점검,7월 23일(수) 정기 점검 안내,13169,https://m-lostark.game.onstove.com/News/Notice/Views/13169
2025.07.23,공지,7월 24일(목) 로스트아크 임시 점검 안내,13178,https://m-lostark.game.onstove.com/News/Notice/Views/13178
2025.07.23,공지,7월 23일(수) 클라이언트 패치 안내,13177,https://m-lostark.game.onstove.com/News/Notice/Views/13177
2025.07.23,공지,7월 23일(수) 업데이트 내역 안내 (내용 수정),13173,https://m-lostark.game.onstove.com/News/Notice/Views/13173
2025.07.24,공지,7월 24일(목) 로스트아크 임시 점검 완료 안내,13179,https://m-lostark.game.onstove.com/News/Notice/Views/13179
2025.07.25,공지,7월 26일(토) 로스트아크 임시 점검 안내,13180,https://m-lostark.game.onstove.com/News/Notice/Views/13180
2025.07.26,공지,7월 26일(토) 12시 10분 로스트아크 임시 점검 완료 안내,13184,https://m-lostark.game.onstove.com/News/Notice/Views/13184
2025.07.26,공지,7월 26일(토) 12시 10분 로스트아크 임시 점검 안내,13183,https://m-lostark.game.onstove.com/News/Notice/Views/13183
2025.07.26,공지,7월 26일(토) 로스트아크 임시 점검 완료 안내,13181,https://m-lostark.game.onstove.com/News/Notice/Views/13181
2025.07.29,점검,7월 30일(수) 정기 점검 안내,13185,https://m-lostark.game.onstove.com/News/Notice/Views/13185
2025.07.30,공지,7월 30일(수) 업데이트 내역 안내,13187,https://m-lostark.game.onstove.com/News/Notice/Views/13187
2025.08.05,점검,8월 6일(수) 정기 점검 안내,13189,https://m-lostark.game.onstove.com/News/Notice/Views/13189
2025.08.06,점검,8월 7일(목) 로스트아크 임시 점검 안내,13193,https://m-lostark.game.onstove.com/News/Notice/Views/13193
2025.08.06,공지,8월 6일(수) 업데이트 내역 안내 (내용 추가),13192,https://m-lostark.game.onstove.com/News/Notice/Views/13192
2025.08.07,공지,8월 7일(목) 로스트아크 임시 점검 완료 안내,13194,https://m-lostark.game.onstove.com/News/Notice/Views/13194
2025.08.12,점검,8월 13일(수) 정기 점검 안내,13195,https://m-lostark.game.onstove.com/News/Notice/Views/13195
2025.08.13,공지,8월 13일(수) 업데이트 내역 안내,13199,https://m-lostark.game.onstove.com/News/Notice/Views/13199
2025.08.14,공지,리샤의 편지에서 카제로스 레이드의 마지막 장과 업데이트 소식을 전합니다.,13200,https://m-lostark.game.onstove.com/News/Notice/Views/13200
2025.08.19,점검,8월 20일(수) 정기 점검 안내,13201,https://m-lostark.game.onstove.com/News/Notice/Views/13201
2025.08.20,공지,8월 20일(수) 업데이트 내역 안내(내용 추가),13204,https://m-lostark.game.onstove.com/News/Notice/Views/13204
2025.08.21,공지,8월 22일(금) 로스트아크 임시 점검 안내,13205,https://m-lostark.game.onstove.com/News/Notice/Views/13205
2025.08.22,공지,8월 23일(토) 로스트아크 임시 점검 안내,13207,https://m-lostark.game.onstove.com/News/Notice/Views/13207
2025.08.22,공지,8월 22일(금) 로스트아크 임시 점검 완료 안내,13206,https://m-lostark.game.onstove.com/News/Notice/Views/13206
2025.08.23,공지,8월 24일(일) 로스트아크 임시 점검 안내 (내용 추가),13209,https://m-lostark.game.onstove.com/News/Notice/Views/13209
2025.08.23,공지,8월 23일(토) 로스트아크 임시 점검 완료 안내,13208,https://m-lostark.game.onstove.com/News/Notice/Views/13208
2025.08.24,공지,8월 24일(일) 로스트아크 임시 점검 완료 안내,13210,https://m-lostark.game.onstove.com/News/Notice/Views/13210
2025.08.25,공지,8월 25일(월) 로스트아크 임시 점검 완료 안내 (쿠폰 지급 완료),13213,https://m-lostark.game.onstove.com/News/Notice/Views/13213
2025.08.25,공지,8월 25일(월) 로스트아크 임시 점검 안내,13212,https://m-lostark.game.onstove.com/News/Notice/Views/13212
2025.08.26,점검,8월 27일(수) 정기 점검 안내,13211,https://m-lostark.game.onstove.com/News/Notice/Views/13211
2025.08.27,공지,8월 28일(목) 로스트아크 임시 점검 안내,13219,https://m-lostark.game.onstove.com/News/Notice/Views/13219
2025.08.27,공지,8월 27일(수) 추가 클라이언트 패치 안내,13218,https://m-lostark.game.onstove.com/News/Notice/Views/13218
2025.08.27,공지,8월 27일(수) 클라이언트 패치 안내,13217,https://m-lostark.game.onstove.com/News/Notice/Views/13217
2025.08.27,공지,8월 27일(수) 업데이트 내역 안내,13216,https://m-lostark.game.onstove.com/News/Notice/Views/13216
2025.08.28,공지,8월 28일(목) 로스트아크 임시 점검 완료 안내,13220,https://m-lostark.game.onstove.com/News/Notice/Views/13220
2025.09.02,점검,9월 3일(수) 정기 점검 안내,13222,https://m-lostark.game.onstove.com/News/Notice/Views/13222
2025.09.03,공지,9월 3일(수) 업데이트 내역 안내,13226,https://m-lostark.game.onstove.com/News/Notice/Views/13226
2025.09.03,공지,로스트아크 개인정보처리방침 변경 안내 (시행 2025.9.10),13223,https://m-lostark.game.onstove.com/News/Notice/Views/13223
2025.09.04,공지,9월 4일(목) 클라이언트 패치 안내,13228,https://m-lostark.game.onstove.com/News/Notice/Views/13228
2025.09.05,공지,9월 6일(토) 로스트아크 임시 점검 안내,13229,https://m-lostark.game.onstove.com/News/Notice/Views/13229
2025.09.06,공지,9월 6일(토) 로스트아크 임시 점검 완료 안내,13230,https://m-lostark.game.onstove.com/News/Notice/Views/13230
2025.09.09,점검,9월 10일(수) 정기 점검 안내,13231,https://m-lostark.game.onstove.com/News/Notice/Views/13231
2025.09.10,공지,9월 10일(수) 클라이언트 패치 안내,13237,https://m-lostark.game.onstove.com/News/Notice/Views/13237
2025.09.10,공지,9월 10일(수) 업데이트 내역 안내(내용 추가),13236,https://m-lostark.game.onstove.com/News/Notice/Views/13236
2025.09.16,점검,9월 17일(수) 정기 점검 안내,13238,https://m-lostark.game.onstove.com/News/Notice/Views/13238
2025.09.17,공지,9월 18일(목) 로스트아크 임시 점검 안내,13241,https://m-lostark.game.onstove.com/News/Notice/Views/13241
2025.09.17,공지,9월 17일(수) 업데이트 내역 안내,13240,https://m-lostark.game.onstove.com/News/Notice/Views/13240
2025.09.18,공지,9월 18일(목) 로스트아크 임시 점검 완료 안내,13242,https://m-lostark.game.onstove.com/News/Notice/Views/13242
2025.09.23,점검,9월 24일(수) 정기 점검 안내,13244,https://m-lostark.game.onstove.com/News/Notice/Views/13244
2025.09.24,공지,9월 25일(목) 로스트아크 임시 점검 안내,13249,https://m-lostark.game.onstove.com/News/Notice/Views/13249
2025.09.24,공지,9월 24일(수) 업데이트 내역 안내(내용 수정),13247,https://m-lostark.game.onstove.com/News/Notice/Views/13247
2025.09.25,공지,9월 25일(목) 로스트아크 임시 점검 완료 안내,13250,https://m-lostark.game.onstove.com/News/Notice/Views/13250
2025.09.30,점검,10월 1일(수) 정기 점검 안내,13251,https://m-lostark.game.onstove.com/News/Notice/Views/13251
2025.10.01,공지,10월 1일(수) 업데이트 내역 안내(내용 추가),13254,https://m-lostark.game.onstove.com/News/Notice/Views/13254
2025.10.07,점검,10월 8일(수) 정기 점검 안내,13255,https://m-lostark.game.onstove.com/News/Notice/Views/13255
2025.10.08,공지,10월 8일(수) 로스트아크 정기 점검 완료 안내,13257,https://m-lostark.game.onstove.com/News/Notice/Views/13257
2025.10.13,점검,10월 15일(수) 정기 점검 안내,13259,https://m-lostark.game.onstove.com/News/Notice/Views/13259
2025.10.15,공지,10월 15일(수) 클라이언트 패치 안내,13263,https://m-lostark.game.onstove.com/News/Notice/Views/13263
2025.10.15,공지,10월 15일(수) 업데이트 내역 안내,13262,https://m-lostark.game.onstove.com/News/Notice/Views/13262
2025.10.15,공지,10/15(수) ~ 10/21(화) 서버 이전 신청 기간 안내 (10/21 23:59 수정),13261,https://m-lostark.game.onstove.com/News/Notice/Views/13261
2025.10.21,점검,10월 22일(수) 정기 점검 안내,13264,https://m-lostark.game.onstove.com/News/Notice/Views/13264
2025.10.22,점검,10월 23일(목) 로스트아크 임시 점검 안내,13269,https://m-lostark.game.onstove.com/News/Notice/Views/13269
2025.10.22,공지,10월 22일(수) 클라이언트 패치 안내,13268,https://m-lostark.game.onstove.com/News/Notice/Views/13268
2025.10.22,공지,10월 22일(수) 업데이트 내역 안내 (내용 수정),13267,https://m-lostark.game.onstove.com/News/Notice/Views/13267
2025.10.23,공지,10월 23일(목) 로스트아크 임시 점검 완료 안내,13270,https://m-lostark.game.onstove.com/News/Notice/Views/13270
2025.10.28,점검,10월 29일(수) 정기 점검 안내,13271,https://m-lostark.game.onstove.com/News/Notice/Views/13271
2025.10.29,공지,10월 29일(수) 업데이트 내역 안내,13273,https://m-lostark.game.onstove.com/News/Notice/Views/13273
2025.11.04,점검,11월 5일(수) 정기 점검 안내,13275,https://m-lostark.game.onstove.com/News/Notice/Views/13275
2025.11.05,공지,11월 5일(수) 추가 클라이언트 패치 안내,13281,https://m-lostark.game.onstove.com/News/Notice/Views/13281
2025.11.05,공지,11월 5일(수) 클라이언트 패치 안내,13280,https://m-lostark.game.onstove.com/News/Notice/Views/13280
2025.11.05,공지,11월 5일(수) 업데이트 내역 안내(내용 수정),13279,https://m-lostark.game.onstove.com/News/Notice/Views/13279
2025.11.06,공지,11월 6일(목) 클라이언트 패치 안내,13282,https://m-lostark.game.onstove.com/News/Notice/Views/13282
2025.11.11,점검,11월 12일(수) 정기 점검 안내,13284,https://m-lostark.game.onstove.com/News/Notice/Views/13284
2025.11.12,공지,11월 12일(수) 업데이트 내역 안내(내용 추가),13287,https://m-lostark.game.onstove.com/News/Notice/Views/13287
2025.11.12,공지,12/10(수) 업데이트 시 일부 시스템 변경사항 사전 안내,13286,https://m-lostark.game.onstove.com/News/Notice/Views/13286
2025.11.18,점검,11월 19일(수) 정기 점검 안내,13289,https://m-lostark.game.onstove.com/News/Notice/Views/13289
2025.11.19,점검,[종료] 11월 19일(수) 마리의 비밀 상점 및 공식 홈페이지 웹 샵 임시 점검 안내,13293,https://m-lostark.game.onstove.com/News/Notice/Views/13293
2025.11.19,공지,11월 19일(수) 업데이트 내역 안내(내용 수정),13292,https://m-lostark.game.onstove.com/News/Notice/Views/13292
2025.11.25,점검,11월 26일(수) 정기 점검 안내,13294,https://m-lostark.game.onstove.com/News/Notice/Views/13294
2025.11.26,공지,11월 26일(수) 업데이트 내역 안내,13297,https://m-lostark.game.onstove.com/News/Notice/Views/13297
2025.12.02,점검,12월 3일(수) 정기 점검 안내,13300,https://m-lostark.game.onstove.com/News/Notice/Views/13300
2025.12.03,공지,12월 3일(수) 업데이트 내역 안내(내용 추가),13303,https://m-lostark.game.onstove.com/News/Notice/Views/13303
2025.12.09,점검,12월 10일(수) 정기 점검 안내,13304,https://m-lostark.game.onstove.com/News/Notice/Views/13304
2025.12.10,점검,12월 11일(목) 로스트아크 임시 점검 안내,13309,https://m-lostark.game.onstove.com/News/Notice/Views/13309
2025.12.10,공지,12월 10일(수) 클라이언트 패치 안내,13308,https://m-lostark.game.onstove.com/News/Notice/Views/13308
2025.12.10,공지,12월 10일(수) 업데이트 내역 안내 (내용 추가),13307,https://m-lostark.game.onstove.com/News/Notice/Views/13307
2025.12.10,상점,12월 10일(수) 신규 상품 및 확률 안내 (내용 수정),13306,https://m-lostark.game.onstove.com/News/Notice/Views/13306
2025.12.11,점검,12월 12일(금) 로스트아크 임시 점검 안내,13312,https://m-lostark.game.onstove.com/News/Notice/Views/13312
2025.12.11,점검,12월 11일(목) 로스트아크 임시 점검 완료 안내,13310,https://m-lostark.game.onstove.com/News/Notice/Views/13310
2025.12.12,점검,12월 12일(금) 로스트아크 임시 점검 완료 안내,13313,https://m-lostark.game.onstove.com/News/Notice/Views/13313
2025.12.16,점검,12월 17일(수) 정기 점검 안내,13314,https://m-lostark.game.onstove.com/News/Notice/Views/13314
2025.12.17,공지,12월 17일(수) 클라이언트 패치 안내,13319,https://m-lostark.game.onstove.com/News/Notice/Views/13319
2025.12.17,공지,12월 17일(수) 업데이트 내역 안내,13318,https://m-lostark.game.onstove.com/News/Notice/Views/13318
2025.12.23,점검,12월 24일(수) 정기 점검 안내,13320,https://m-lostark.game.onstove.com/News/Notice/Views/13320
2025.12.24,공지,12월 25일(목) 로스트아크 임시 점검 안내,13327,https://m-lostark.game.onstove.com/News/Notice/Views/13327
2025.12.24,공지,12월 24일(수) 업데이트 내역 안내,13326,https://m-lostark.game.onstove.com/News/Notice/Views/13326
2025.12.24,공지,로스트아크 개인정보처리방침 변경 안내 (시행 2025.12.31),13324,https://m-lostark.game.onstove.com/News/Notice/Views/13324
2025.12.25,점검,12월 25일(목) 로스트아크 임시 점검 완료 안내,13328,https://m-lostark.game.onstove.com/News/Notice/Views/13328
2025.12.30,점검,12월 31일(수) 정기 점검 안내,13330,https://m-lostark.game.onstove.com/News/Notice/Views/13330
2025.12.31,공지,12월 31일(수) 업데이트 내역 안내(내용 추가),13333,https://m-lostark.game.onstove.com/News/Notice/Views/13333
2026.01.06,점검,1월 7일(수) 정기 점검 안내,13336,https://m-lostark.game.onstove.com/News/Notice/Views/13336
2026.01.07,공지,1월 7일(수) 업데이트 내역 안내 (내용 추가),13339,https://m-lostark.game.onstove.com/News/Notice/Views/13339
2026.01.08,점검,1월 8일(목) 로스트아크 임시 점검 완료 안내,13342,https://m-lostark.game.onstove.com/News/Notice/Views/13342
2026.01.08,점검,1월 8일(목) 로스트아크 임시 점검 안내,13341,https://m-lostark.game.onstove.com/News/Notice/Views/13341
2026.01.12,공지,1월 12일(월) 클라이언트 패치 안내,13345,https://m-lostark.game.onstove.com/News/Notice/Views/13345
2026.01.13,공지,1월 13일(화) 니나브 서버 점검 완료 및 수정 사항 안내 (내용 추가),13348,https://m-lostark.game.onstove.com/News/Notice/Views/13348
2026.01.13,공지,[정상화] 니나브 서버 일부 캐릭터의 비정상 접속 종료 현상 발생 안내 (내용 수정),13347,https://m-lostark.game.onstove.com/News/Notice/Views/13347
2026.01.13,점검,1월 14일(수) 정기 점검 안내,13346,https://m-lostark.game.onstove.com/News/Notice/Views/13346
2026.01.14,공지,1월 14일(수) 업데이트 내역 안내,13350,https://m-lostark.game.onstove.com/News/Notice/Views/13350
2026.01.20,점검,1월 21일(수) 정기 점검 안내,13351,https://m-lostark.game.onstove.com/News/Notice/Views/13351
2026.01.21,공지,1월 21일(수) 클라이언트 패치 안내,13355,https://m-lostark.game.onstove.com/News/Notice/Views/13355
2026.01.21,공지,1월 21일(수) 업데이트 내역 안내 (내용 추가),13354,https://m-lostark.game.onstove.com/News/Notice/Views/13354
2026.01.27,점검,1월 28일(수) 정기 점검 안내,13356,https://m-lostark.game.onstove.com/News/Notice/Views/13356
2026.01.28,공지,1월 28일(수) 업데이트 내역 안내 (내용 추가),13360,https://m-lostark.game.onstove.com/News/Notice/Views/13360
2026.02.03,점검,2월 4일(수) 정기 점검 안내,13361,https://m-lostark.game.onstove.com/News/Notice/Views/13361
2026.02.04,공지,2월 4일(수) 업데이트 내역 안내,13364,https://m-lostark.game.onstove.com/News/Notice/Views/13364
2026.02.10,점검,2월 11일(수) 정기 점검 안내,13365,https://m-lostark.game.onstove.com/News/Notice/Views/13365
2026.02.11,공지,2월 11일(수) 업데이트 내역 안내 (내용 추가),13369,https://m-lostark.game.onstove.com/News/Notice/Views/13369
2026.02.12,점검,2월 13일(금) 로스트아크 임시 점검 안내,13370,https://m-lostark.game.onstove.com/News/Notice/Views/13370
2026.02.13,점검,2월 13일(금) 로스트아크 임시 점검 완료 안내,13371,https://m-lostark.game.onstove.com/News/Notice/Views/13371
2026.02.17,점검,2월 18일(수) 정기 점검 안내,13372,https://m-lostark.game.onstove.com/News/Notice/Views/13372
2026.02.18,공지,2월 18일(수) 업데이트 내역 안내,13374,https://m-lostark.game.onstove.com/News/Notice/Views/13374
2026.02.24,점검,2월 25일(수) 정기 점검 안내,13375,https://m-lostark.game.onstove.com/News/Notice/Views/13375
2026.02.25,공지,2월 25일(수) 클라이언트 패치 안내,13380,https://m-lostark.game.onstove.com/News/Notice/Views/13380
2026.02.25,공지,2월 25일(수) 업데이트 내역 안내(내용 추가),13379,https://m-lostark.game.onstove.com/News/Notice/Views/13379
2026.03.03,점검,3월 4일(수) 정기 점검 안내,13381,https://m-lostark.game.onstove.com/News/Notice/Views/13381
2026.03.04,공지,3월 4일(수) 업데이트 내역 안내,13383,https://m-lostark.game.onstove.com/News/Notice/Views/13383
2026.03.10,점검,3월 11일(수) 정기 점검 안내,13385,https://m-lostark.game.onstove.com/News/Notice/Views/13385
2026.03.11,공지,3월 11일(수) 클라이언트 패치 안내,13389,https://m-lostark.game.onstove.com/News/Notice/Views/13389
2026.03.11,공지,3월 11일(수) 업데이트 내역 안내 (내용 추가),13388,https://m-lostark.game.onstove.com/News/Notice/Views/13388
2026.03.12,공지,3월 12일(목) 클라이언트 패치 안내,13390,https://m-lostark.game.onstove.com/News/Notice/Views/13390
2026.03.17,점검,3월 18일(수) 정기 점검 안내,13392,https://m-lostark.game.onstove.com/News/Notice/Views/13392
2026.03.18,공지,알려진 이슈를 안내해 드립니다. (3/20 수정),13393,https://m-lostark.game.onstove.com/News/Notice/Views/13393
2026.03.18,공지,3월 18일(수) 클라이언트 패치 안내,13396,https://m-lostark.game.onstove.com/News/Notice/Views/13396
2026.03.18,공지,3월 18일(수) 업데이트 내역 안내,13395,https://m-lostark.game.onstove.com/News/Notice/Views/13395
